{"cameraMode":{"drawMode":0,"name":"Shaded","section":"Shading Mode"},"sceneLighting":true,"audioPlay":false,"sceneViewState":{"m_AlwaysRefresh":false,"showFog":true,"showSkybox":true,"showFlares":true,"showImageEffects":true,"showParticleSystems":true,"showVisualEffectGraphs":true,"m_FxEnabled":true},"in2DMode":false,"pivot":{"x":0.2285904586315155,"y":4.795683860778809,"z":0.19150972366333009},"rotation":{"x":-0.0021841528359800579,"y":0.9236300587654114,"z":-0.38324084877967837,"w":-0.005263898521661758},"size":12.003461837768555,"orthographic":false}